iter	Logloss
0	0.0871642458
1	0.08217979006
